,Name,Explanation,n_iterations,n_way,n_shot,batch_size,eval_period,eval_iterations,time,accuracy,iteration,result_directory,image_size,backbone,aux_location_k,aux_rotation_k,dataset,train_classes,test_n_iterations,dfmn_k,distance,k,test_batch_size,test_dataset,test_n_way,test_accuracy,testing_time,accuracy_std,top_3_accuracy,top_3_accuracy_std,test_accuracy_std,test_top_3_accuracy,test_top_3_accuracy_std,version,is_test,test_balanced
0,Null,To make data frame not empty,,,,,,,,,,,,,,,,,,,,,,,,,,,,,,,,,,
1,Few-Shot Learning training,,10.0,5.0,5.0,5.0,3.0,100.0,3.898571014404297,0.402,0.0,D:\petrtsv\projects\ds\few_shot_learning_study\experiments\82290af8-4838-40ae-9faf-29d9e7a42592,,,,,,,,,,,,,,,,,,,,,,,,
2,Few-Shot Learning training,,10.0,5.0,5.0,5.0,3.0,100.0,3.663313627243042,0.37,0.0,D:\petrtsv\projects\ds\few_shot_learning_study\experiments\6d3074ef-97ad-46a4-938e-3f9aeed6defb,,,,,,,,,,,,,,,,,,,,,,,,
3,Few-Shot Learning training,,30000.0,15.0,5.0,75.0,1000.0,600.0,74.45669102668762,0.5028888888888889,27000.0,D:\petrtsv\projects\ds\few_shot_learning_study\experiments\fa2c1aa4-44a0-43c3-bdf1-84dfc5136604,,,,,,,,,,,,,,,,,,,,,,,,
4,Few-Shot Learning training,,30000.0,5.0,5.0,75.0,1000.0,600.0,56.138916015625,0.5756222222222218,23000.0,D:\petrtsv\projects\ds\few_shot_learning_study\experiments\c59bbfce-2d1a-40c8-b452-449b17351c17,,,,,,,,,,,,,,,,,,,,,,,,
5,Few-Shot Learning training,,100.0,5.0,1.0,75.0,1000.0,1000.0,67.7389018535614,0.2565733333333342,0.0,D:\petrtsv\projects\ds\few_shot_learning_study\experiments\2c0844c2-45a5-4196-b019-6b86ef0fe19a,84.0,convnet64,0.0,0.0,miniImageNet,64.0,,,,,,,,,,,,,,,,,,
6,Few-Shot Learning training,,100.0,5.0,5.0,75.0,1000.0,1000.0,84.33961534500122,0.3993466666666667,99.0,D:\petrtsv\projects\ds\few_shot_learning_study\experiments\7869544e-e89d-49d9-9f6f-45715b62bf6f,84.0,convnet64,0.0,0.0,miniImageNet,64.0,,,,,,,,,,,,,,,,,,
7,Few-Shot Learning training,,100.0,15.0,1.0,75.0,1000.0,1000.0,79.9563684463501,0.1818400000000005,0.0,D:\petrtsv\projects\ds\few_shot_learning_study\experiments\fd0f4a9a-5f94-4d22-82e0-7a76ee769a71,84.0,convnet64,0.0,0.0,google-landmarks,3000.0,,,,,,,,,,,,,,,,,,
8,Few-Shot Learning training,,100.0,15.0,5.0,75.0,1000.0,1000.0,119.67538022994995,0.3566000000000004,99.0,D:\petrtsv\projects\ds\few_shot_learning_study\experiments\25ac34ec-0558-4fbe-83ad-618d3d73b3ae,84.0,convnet64,0.0,0.0,google-landmarks,3000.0,,,,,,,,,,,,,,,,,,
9,Few-Shot Learning training,,100.0,5.0,1.0,75.0,1000.0,1000.0,66.66137051582335,0.2744800000000001,0.0,D:\petrtsv\projects\ds\few_shot_learning_study\experiments\a6fc693f-59fb-4cb3-bf8d-78aa0e62e5bc,84.0,convnet64,0.0,1.0,miniImageNet,64.0,,,,,,,,,,,,,,,,,,
10,Few-Shot Learning training,,100.0,5.0,5.0,75.0,1000.0,1000.0,80.19936060905457,0.4162133333333332,99.0,D:\petrtsv\projects\ds\few_shot_learning_study\experiments\cd75a340-2314-4bb2-81d1-a883618362c7,84.0,convnet64,0.0,1.0,miniImageNet,64.0,,,,,,,,,,,,,,,,,,
11,Few-Shot Learning training,,100.0,15.0,1.0,75.0,1000.0,1000.0,85.37259483337401,0.1909600000000003,0.0,D:\petrtsv\projects\ds\few_shot_learning_study\experiments\e1a545c1-8307-4d8a-880b-e8064f483b6f,84.0,convnet64,0.0,1.0,google-landmarks,3000.0,,,,,,,,,,,,,,,,,,
12,Few-Shot Learning training,,100.0,15.0,5.0,75.0,1000.0,1000.0,120.40574812889099,0.35438666666666657,99.0,D:\petrtsv\projects\ds\few_shot_learning_study\experiments\7c1ace8c-1144-485f-bafe-a651ad65a8e5,84.0,convnet64,0.0,1.0,google-landmarks,3000.0,,,,,,,,,,,,,,,,,,
13,Few-Shot Learning training,,1.0,15.0,5.0,5.0,1000.0,1000.0,123.08144617080687,0.2804000000000009,0.0,D:\petrtsv\projects\ds\few_shot_learning_study\experiments\80f62dbb-6e11-4153-bf7c-bfb97a9b3d45,84.0,convnet64,0.0,0.2,google-landmarks,3000.0,1000.0,1.0,cosine,0.2,,,,,,,,,,,,,,
14,Few-Shot Learning training,,1.0,15.0,5.0,5.0,1000.0,1000.0,124.49138927459715,0.28088000000000035,0.0,D:\petrtsv\projects\ds\few_shot_learning_study\experiments\6a6405fe-62ab-40a3-a60b-8e939e116b14,84.0,convnet64,0.0,0.2,google-landmarks,3000.0,1000.0,1.0,cosine,0.2,75.0,,,,,,,,,,,,,
15,Few-Shot Learning training,,1.0,15.0,5.0,5.0,1000.0,1000.0,126.67944264411926,0.3132000000000001,0.0,D:\petrtsv\projects\ds\few_shot_learning_study\experiments\5f79a571-80d7-4462-a88a-0b2e0f8fd02c,84.0,convnet64,0.0,0.2,google-landmarks,3000.0,1000.0,1.0,cosine,0.2,75.0,,,,,,,,,,,,,
16,Few-Shot Learning training,,1.0,15.0,5.0,5.0,1000.0,1000.0,124.71036624908449,0.3128000000000001,0.0,D:\petrtsv\projects\ds\few_shot_learning_study\experiments\39145e32-9aa8-4ab9-9401-31c43b2dbceb,84.0,convnet64,0.0,0.2,google-landmarks,3000.0,1000.0,1.0,cosine,0.2,75.0,,,,,,,,,,,,,
17,'Few-Shot Learning testing,,1.0,15.0,5.0,5.0,1000.0,1000.0,124.71036624908449,0.3128000000000001,0.0,D:\petrtsv\projects\ds\few_shot_learning_study\experiments\39145e32-9aa8-4ab9-9401-31c43b2dbceb,84.0,convnet64,0.0,0.2,google-landmarks,3000.0,1000.0,1.0,cosine,0.2,75.0,google-landmarks-test,500.0,0.061706666666666875,2128.398294925689,,,,,,,,,
18,'Few-Shot Learning testing,,1.0,15.0,5.0,5.0,1000.0,1000.0,124.71036624908449,0.3128000000000001,0.0,D:\petrtsv\projects\ds\few_shot_learning_study\experiments\39145e32-9aa8-4ab9-9401-31c43b2dbceb,84.0,convnet64,0.0,0.2,google-landmarks,3000.0,1000.0,1.0,cosine,0.2,75.0,miniImageNet-test,5.0,0.3651066666666671,102.5492033958435,,,,,,,,,
19,Few-Shot Learning training,,40000.0,15.0,5.0,5.0,1000.0,1000.0,136.6642122268677,0.4069466666666671,39999.0,D:\petrtsv\projects\ds\few_shot_learning_study\experiments\45855151-9807-48b9-8e2c-2104dda57bf7,84.0,convnet64,0.0,0.2,miniImageNet,64.0,1000.0,1.0,cosine,0.2,75.0,,,,,,,,,,,,,
20,Few-Shot Learning testing,,40000.0,15.0,5.0,5.0,1000.0,1000.0,136.6642122268677,0.4069466666666671,39999.0,D:\petrtsv\projects\ds\few_shot_learning_study\experiments\45855151-9807-48b9-8e2c-2104dda57bf7,84.0,convnet64,0.0,0.2,miniImageNet,64.0,1000.0,1.0,cosine,0.2,75.0,google-landmarks-test,500.0,0.14298666666666704,2056.447172164917,,,,,,,,,
21,Few-Shot Learning testing,,40000.0,15.0,5.0,5.0,1000.0,1000.0,136.6642122268677,0.4069466666666671,39999.0,D:\petrtsv\projects\ds\few_shot_learning_study\experiments\45855151-9807-48b9-8e2c-2104dda57bf7,84.0,convnet64,0.0,0.2,miniImageNet,64.0,1000.0,1.0,cosine,0.2,75.0,miniImageNet-test,5.0,0.60216,103.99760818481444,,,,,,,,,
22,Few-Shot Learning training,,40000.0,15.0,5.0,5.0,1000.0,1000.0,137.77579092979428,0.4129866666666671,37000.0,D:\petrtsv\projects\ds\few_shot_learning_study\experiments\8095d37c-9ce7-433c-a286-d4dee8b67633,84.0,convnet64,0.0,0.0,miniImageNet,64.0,1000.0,1.0,cosine,0.2,75.0,miniImageNet-test,5.0,,,,,,,,,,,
23,Few-Shot Learning testing,,40000.0,15.0,5.0,5.0,1000.0,1000.0,137.77579092979428,0.4129866666666671,37000.0,D:\petrtsv\projects\ds\few_shot_learning_study\experiments\8095d37c-9ce7-433c-a286-d4dee8b67633,84.0,convnet64,0.0,0.0,miniImageNet,64.0,1000.0,1.0,cosine,0.2,75.0,google-landmarks-test,500.0,0.14384000000000038,2018.9874460697167,,,,,,,,,
24,Few-Shot Learning testing,,40000.0,15.0,5.0,5.0,1000.0,1000.0,137.77579092979428,0.4129866666666671,37000.0,D:\petrtsv\projects\ds\few_shot_learning_study\experiments\8095d37c-9ce7-433c-a286-d4dee8b67633,84.0,convnet64,0.0,0.0,miniImageNet,64.0,1000.0,1.0,cosine,0.2,75.0,miniImageNet-test,5.0,0.6199066666666664,101.05378770828248,,,,,,,,,
25,Few-Shot Learning training,,40000.0,15.0,5.0,5.0,1000.0,1000.0,155.76657152175903,0.4021333333333333,37000.0,D:\petrtsv\projects\ds\few_shot_learning_study\experiments\bc67d421-3710-40c3-bbd5-4e3d9499561f,84.0,convnet64,0.0,0.2,miniImageNet,64.0,1000.0,1.0,euclidean,0.2,75.0,,,,,,,,,,,,,
26,Few-Shot Learning testing,,40000.0,15.0,5.0,5.0,1000.0,1000.0,155.76657152175903,0.4021333333333333,37000.0,D:\petrtsv\projects\ds\few_shot_learning_study\experiments\bc67d421-3710-40c3-bbd5-4e3d9499561f,84.0,convnet64,0.0,0.2,miniImageNet,64.0,1000.0,1.0,euclidean,0.2,75.0,google-landmarks-test,500.0,0.14213333333333358,2142.072292804718,,,,,,,,,
27,Few-Shot Learning testing,,40000.0,15.0,5.0,5.0,1000.0,1000.0,155.76657152175903,0.4021333333333333,37000.0,D:\petrtsv\projects\ds\few_shot_learning_study\experiments\bc67d421-3710-40c3-bbd5-4e3d9499561f,84.0,convnet64,0.0,0.2,miniImageNet,64.0,1000.0,1.0,euclidean,0.2,75.0,miniImageNet-test,5.0,0.6019333333333325,102.41617798805237,,,,,,,,,
28,Few-Shot Learning training,,40000.0,15.0,5.0,5.0,1000.0,1000.0,135.68737149238586,0.4107733333333335,39999.0,D:\petrtsv\projects\ds\few_shot_learning_study\experiments\0792de7f-dfb0-45dc-bc92-66fdc7542024,84.0,convnet64,0.0,0.0,miniImageNet,64.0,1000.0,1.0,euclidean,0.2,75.0,miniImageNet-test,5.0,,,,,,,,,,,
29,Few-Shot Learning testing,,40000.0,15.0,5.0,5.0,1000.0,1000.0,135.68737149238586,0.4107733333333335,39999.0,D:\petrtsv\projects\ds\few_shot_learning_study\experiments\0792de7f-dfb0-45dc-bc92-66fdc7542024,84.0,convnet64,0.0,0.0,miniImageNet,64.0,1000.0,1.0,euclidean,0.2,75.0,google-landmarks-test,500.0,0.14018666666666704,2016.810858011245,,,,,,,,,
30,Few-Shot Learning testing,,40000.0,15.0,5.0,5.0,1000.0,1000.0,135.68737149238586,0.4107733333333335,39999.0,D:\petrtsv\projects\ds\few_shot_learning_study\experiments\0792de7f-dfb0-45dc-bc92-66fdc7542024,84.0,convnet64,0.0,0.0,miniImageNet,64.0,1000.0,1.0,euclidean,0.2,75.0,miniImageNet-test,5.0,0.6106533333333338,101.31319260597229,,,,,,,,,
31,Few-Shot Learning training,,1.0,15.0,1.0,5.0,1000.0,1000.0,95.58223652839659,0.1031066666666667,0.0,D:\petrtsv\projects\ds\few_shot_learning_study\experiments\e5875538-9a0f-451c-a1fa-9aba0da8dfc7,84.0,convnet64,0.0,0.0,miniImageNet,64.0,1000.0,1.0,euclidean,0.2,75.0,,,,,0.03468327160648675,0.25863999128341675,0.04876970872282982,,,,,,
32,Few-Shot Learning testing,,1.0,15.0,1.0,5.0,1000.0,1000.0,95.58223652839659,0.1031066666666667,0.0,D:\petrtsv\projects\ds\few_shot_learning_study\experiments\e5875538-9a0f-451c-a1fa-9aba0da8dfc7,84.0,convnet64,0.0,0.0,miniImageNet,64.0,1000.0,1.0,euclidean,0.2,75.0,google-landmarks-test,500.0,0.02505333333333333,555.9378266334534,0.03468327160648675,0.25863999128341675,0.04876970872282982,0.01889558381029749,0.044679999351501465,0.02484179474413395,,,
33,Few-Shot Learning testing,,1.0,15.0,1.0,5.0,1000.0,1000.0,95.58223652839659,0.1031066666666667,0.0,D:\petrtsv\projects\ds\few_shot_learning_study\experiments\e5875538-9a0f-451c-a1fa-9aba0da8dfc7,84.0,convnet64,0.0,0.0,miniImageNet,64.0,1000.0,1.0,euclidean,0.2,75.0,miniImageNet-test,5.0,0.25811999999999996,96.87828254699707,0.03468327160648675,0.25863999128341675,0.04876970872282982,0.06311404214316323,0.6503733992576599,0.0669831857085228,,,
34,Few-Shot Learning training,,1.0,15.0,1.0,5.0,1000.0,1000.0,98.16130304336548,0.11500000000000005,0.0,D:\petrtsv\projects\ds\few_shot_learning_study\experiments\b1b80a17-5b84-4194-922b-b7f8ad1a698a,84.0,convnet64,0.0,0.2,miniImageNet,64.0,1000.0,1.0,euclidean,0.2,75.0,miniImageNet-test,5.0,,,0.03836353280836409,0.27958670258522034,0.0516415685415268,,,,,,
35,Few-Shot Learning testing,,1.0,15.0,1.0,5.0,1000.0,1000.0,98.16130304336548,0.11500000000000005,0.0,D:\petrtsv\projects\ds\few_shot_learning_study\experiments\b1b80a17-5b84-4194-922b-b7f8ad1a698a,84.0,convnet64,0.0,0.2,miniImageNet,64.0,1000.0,1.0,euclidean,0.2,75.0,google-landmarks-test,500.0,0.03415999999999999,546.7806305885315,0.03836353280836409,0.27958670258522034,0.0516415685415268,0.021609803465743257,0.05819999799132348,0.02768742106854916,,,
36,Few-Shot Learning testing,,1.0,15.0,1.0,5.0,1000.0,1000.0,98.16130304336548,0.11500000000000005,0.0,D:\petrtsv\projects\ds\few_shot_learning_study\experiments\b1b80a17-5b84-4194-922b-b7f8ad1a698a,84.0,convnet64,0.0,0.2,miniImageNet,64.0,1000.0,1.0,euclidean,0.2,75.0,miniImageNet-test,5.0,0.27156,93.40865969657898,0.03836353280836409,0.27958670258522034,0.0516415685415268,0.06114949890859552,0.6647067070007324,0.06344205886125565,,,
37,Few-Shot Learning training,,1.0,15.0,1.0,5.0,1000.0,1000.0,96.31126546859741,0.1094666666666667,0.0,D:\petrtsv\projects\ds\few_shot_learning_study\experiments\02f100b8-6755-4dea-ac97-546652cc595f,84.0,convnet64,0.0,0.0,miniImageNet,64.0,1000.0,1.0,cosine,0.2,75.0,miniImageNet-test,5.0,,,0.03472477868466757,0.2725333571434021,0.049853794276714325,,,,,,
38,Few-Shot Learning testing,,1.0,15.0,1.0,5.0,1000.0,1000.0,96.31126546859741,0.1094666666666667,0.0,D:\petrtsv\projects\ds\few_shot_learning_study\experiments\02f100b8-6755-4dea-ac97-546652cc595f,84.0,convnet64,0.0,0.0,miniImageNet,64.0,1000.0,1.0,cosine,0.2,75.0,google-landmarks-test,500.0,0.0282,540.5662338733673,0.03472477868466757,0.2725333571434021,0.049853794276714325,0.01923818821156091,0.04969332739710808,0.02536169998347759,,,
39,Few-Shot Learning testing,,1.0,15.0,1.0,5.0,1000.0,1000.0,96.31126546859741,0.1094666666666667,0.0,D:\petrtsv\projects\ds\few_shot_learning_study\experiments\02f100b8-6755-4dea-ac97-546652cc595f,84.0,convnet64,0.0,0.0,miniImageNet,64.0,1000.0,1.0,cosine,0.2,75.0,miniImageNet-test,5.0,0.2626,94.04798698425293,0.03472477868466757,0.2725333571434021,0.049853794276714325,0.0619642514466708,0.6568132042884827,0.06445704400539398,,,
40,Few-Shot Learning training,,1.0,15.0,1.0,5.0,1000.0,1000.0,98.10150122642516,0.11760000000000002,0.0,D:\petrtsv\projects\ds\few_shot_learning_study\experiments\311680a9-f54a-41bd-9acf-12d17f7852d5,84.0,convnet64,0.0,0.2,miniImageNet,64.0,1000.0,1.0,cosine,0.2,75.0,miniImageNet-test,5.0,,,0.03803094818284647,0.2826800644397736,0.05265264585614205,,,,,,
41,Few-Shot Learning testing,,1.0,15.0,1.0,5.0,1000.0,1000.0,98.10150122642516,0.11760000000000002,0.0,D:\petrtsv\projects\ds\few_shot_learning_study\experiments\311680a9-f54a-41bd-9acf-12d17f7852d5,84.0,convnet64,0.0,0.2,miniImageNet,64.0,1000.0,1.0,cosine,0.2,75.0,google-landmarks-test,500.0,0.03325333333333333,541.3656587600708,0.03803094818284647,0.2826800644397736,0.05265264585614205,0.021159636554251047,0.057346664369106286,0.02756704576313496,,,
42,Few-Shot Learning training,,40000.0,15.0,1.0,5.0,1000.0,1000.0,97.53700637817384,0.26824000000000003,37000.0,D:\petrtsv\projects\ds\few_shot_learning_study\experiments\8b1479ce-9e01-44cb-b34a-9395f9a94c81,84.0,convnet64,0.0,0.0,miniImageNet,64.0,1000.0,1.0,euclidean,0.2,75.0,,,,,0.05638590834196465,0.5144933462142944,0.06735900789499283,,,,1.0.0,,
43,Few-Shot Learning testing,,40000.0,15.0,1.0,5.0,1000.0,1000.0,97.53700637817384,0.26824000000000003,37000.0,D:\petrtsv\projects\ds\few_shot_learning_study\experiments\8b1479ce-9e01-44cb-b34a-9395f9a94c81,84.0,convnet64,0.0,0.0,miniImageNet,64.0,1000.0,1.0,euclidean,0.2,75.0,google-landmarks-test,500.0,0.07888000000000002,592.9737520217898,0.05638590834196465,0.5144933462142944,0.06735900789499283,0.03059181650400632,0.12575998902320862,0.03846313804388046,1.0.0,,
44,Few-Shot Learning testing,,40000.0,15.0,1.0,5.0,1000.0,1000.0,97.53700637817384,0.26824000000000003,37000.0,D:\petrtsv\projects\ds\few_shot_learning_study\experiments\8b1479ce-9e01-44cb-b34a-9395f9a94c81,84.0,convnet64,0.0,0.0,miniImageNet,64.0,1000.0,1.0,euclidean,0.2,75.0,miniImageNet-test,5.0,0.4724533333333333,94.79464840888977,0.05638590834196465,0.5144933462142944,0.06735900789499283,0.10392509815259272,0.8528665900230408,0.07796747982501984,1.0.0,,
45,Few-Shot Learning training,,40000.0,15.0,1.0,5.0,1000.0,1000.0,97.71353340148926,0.2598000000000001,37000.0,D:\petrtsv\projects\ds\few_shot_learning_study\experiments\13da4fc2-4221-4457-8ebf-bb12923f2a58,84.0,convnet64,0.0,0.2,miniImageNet,64.0,1000.0,1.0,euclidean,0.2,75.0,,,,,0.0018081379084653266,0.4961200058460236,0.0021447690204281326,,,,1.0.1,,
46,Few-Shot Learning testing,,40000.0,15.0,1.0,5.0,1000.0,1000.0,97.71353340148926,0.2598000000000001,37000.0,D:\petrtsv\projects\ds\few_shot_learning_study\experiments\13da4fc2-4221-4457-8ebf-bb12923f2a58,84.0,convnet64,0.0,0.2,miniImageNet,64.0,1000.0,1.0,euclidean,0.2,75.0,google-landmarks-test,500.0,0.07887999999999999,530.6831042766571,0.0018081379084653266,0.4961200058460236,0.0021447690204281326,0.0009662938311986982,0.12378665804862975,0.001210442343145265,1.0.1,,
47,Few-Shot Learning testing,,40000.0,15.0,1.0,5.0,1000.0,1000.0,97.71353340148926,0.2598000000000001,37000.0,D:\petrtsv\projects\ds\few_shot_learning_study\experiments\13da4fc2-4221-4457-8ebf-bb12923f2a58,84.0,convnet64,0.0,0.2,miniImageNet,64.0,1000.0,1.0,euclidean,0.2,75.0,miniImageNet-test,5.0,0.4639466666666666,93.66625642776488,0.0018081379084653266,0.4961200058460236,0.0021447690204281326,0.003248404455927105,0.8415865898132324,0.0024444205164146147,1.0.1,,
48,Few-Shot Learning training,,40000.0,15.0,1.0,5.0,1000.0,1000.0,96.68532705307008,0.2627333333333334,35000.0,D:\petrtsv\projects\ds\few_shot_learning_study\experiments\f7b312bd-8be6-41b1-9c24-53b859593988,84.0,convnet64,0.0,0.0,miniImageNet,64.0,1000.0,1.0,cosine,0.2,75.0,miniImageNet-test,5.0,,,0.0017728648330831798,0.5068133473396301,0.002094630450248184,,,,1.0.1,,
49,Few-Shot Learning training,,1.0,15.0,1.0,5.0,1000.0,1000.0,94.35114312171936,0.10780000000000002,0.0,D:\petrtsv\projects\ds\few_shot_learning_study\experiments\461a00eb-ad4a-4e24-bdb3-e0b79d434352,84.0,convnet64,0.0,0.0,miniImageNet,64.0,1000.0,0.0,euclidean,1.0,75.0,,,,,0.0011395968160386144,0.26632001996040344,0.0015584029128362965,,,,-1.0.2,,
50,Few-Shot Learning training,,40000.0,15.0,1.0,5.0,1000.0,1000.0,98.39495491981506,0.20656000000000008,33000.0,D:\petrtsv\projects\ds\few_shot_learning_study\experiments\aaf4562d-f4cb-41ee-b3bb-b6b807c771c8,84.0,convnet64,0.0,0.0,miniImageNet,64.0,1000.0,0.0,euclidean,1.0,75.0,,,,,0.0016267115196450539,0.4571599066257477,0.002144325606085995,,,,1.0.3,,
51,Few-Shot Learning testing,,40000.0,15.0,1.0,5.0,1000.0,1000.0,98.39495491981506,0.20656000000000008,33000.0,D:\petrtsv\projects\ds\few_shot_learning_study\experiments\aaf4562d-f4cb-41ee-b3bb-b6b807c771c8,84.0,convnet64,0.0,0.0,miniImageNet,64.0,1000.0,0.0,euclidean,1.0,75.0,google-landmarks-test,100.0,0.07424000000000001,169.95307612419128,0.0016267115196450539,0.4571599066257477,0.002144325606085995,0.000981136827317353,0.1446666568517685,0.0013011463751934852,1.0.3,,
52,Few-Shot Learning testing,,40000.0,15.0,1.0,5.0,1000.0,1000.0,98.39495491981506,0.20656000000000008,33000.0,D:\petrtsv\projects\ds\few_shot_learning_study\experiments\aaf4562d-f4cb-41ee-b3bb-b6b807c771c8,84.0,convnet64,0.0,0.0,miniImageNet,64.0,1000.0,0.0,euclidean,1.0,75.0,miniImageNet-test,5.0,0.4200666666666665,102.93722891807556,0.0016267115196450539,0.4571599066257477,0.002144325606085995,0.003203378680128471,0.8259865641593933,0.002726731024624425,1.0.3,,
53,Few-Shot Learning training,,40000.0,15.0,1.0,5.0,1000.0,1000.0,97.19256234169006,0.2029733333333333,22000.0,D:\petrtsv\projects\ds\few_shot_learning_study\experiments\d54bc8ce-67b7-4b83-8698-cfc8ed3e2e1b,84.0,convnet64,0.0,0.0,miniImageNet,64.0,1000.0,0.0,cosine_scale,1.0,75.0,miniImageNet-test,5.0,,,0.0015745315333614456,0.4449198842048645,0.0019981901869136395,,,,1.0.3,,
54,Few-Shot Learning testing,,40000.0,15.0,1.0,5.0,1000.0,1000.0,97.19256234169006,0.2029733333333333,22000.0,D:\petrtsv\projects\ds\few_shot_learning_study\experiments\d54bc8ce-67b7-4b83-8698-cfc8ed3e2e1b,84.0,convnet64,0.0,0.0,miniImageNet,64.0,1000.0,0.0,cosine_scale,1.0,75.0,google-landmarks-test,100.0,0.07558666666666669,225.23605275154114,0.0015745315333614456,0.4449198842048645,0.0019981901869136395,0.0009747737090134225,0.1470799744129181,0.001319652091344417,1.0.3,,
55,Few-Shot Learning testing,,40000.0,15.0,1.0,5.0,1000.0,1000.0,97.19256234169006,0.2029733333333333,22000.0,D:\petrtsv\projects\ds\few_shot_learning_study\experiments\d54bc8ce-67b7-4b83-8698-cfc8ed3e2e1b,84.0,convnet64,0.0,0.0,miniImageNet,64.0,1000.0,0.0,cosine_scale,1.0,75.0,miniImageNet-test,5.0,0.40230666666666665,94.01119923591614,0.0015745315333614456,0.4449198842048645,0.0019981901869136395,0.0031181122711099324,0.8119732737541199,0.002691231489152264,1.0.3,,
56,Few-Shot Learning training,,40000.0,15.0,1.0,5.0,1000.0,1000.0,97.0515787601471,0.21149333333333334,25000.0,D:\petrtsv\projects\ds\few_shot_learning_study\experiments\f557bc23-8c89-4747-a7f1-41993ad62ae2,84.0,convnet64,0.0,1.0,miniImageNet,64.0,1000.0,0.0,euclidean,1.0,75.0,miniImageNet-test,5.0,,,0.00169165549700368,0.4429866373538971,0.002062134446143491,,,,1.0.3,,
57,Few-Shot Learning testing,,40000.0,15.0,1.0,5.0,1000.0,1000.0,97.0515787601471,0.21149333333333334,25000.0,D:\petrtsv\projects\ds\few_shot_learning_study\experiments\f557bc23-8c89-4747-a7f1-41993ad62ae2,84.0,convnet64,0.0,1.0,miniImageNet,64.0,1000.0,0.0,euclidean,1.0,75.0,google-landmarks-test,100.0,0.09601333333333338,180.70034766197205,0.00169165549700368,0.4429866373538971,0.002062134446143491,0.0010971778237618237,0.17209330201148987,0.0014021831158929439,1.0.3,,
58,Few-Shot Learning testing,,40000.0,15.0,1.0,5.0,1000.0,1000.0,97.0515787601471,0.21149333333333334,25000.0,D:\petrtsv\projects\ds\few_shot_learning_study\experiments\f557bc23-8c89-4747-a7f1-41993ad62ae2,84.0,convnet64,0.0,1.0,miniImageNet,64.0,1000.0,0.0,euclidean,1.0,75.0,miniImageNet-test,5.0,0.3950799999999999,94.6838870048523,0.00169165549700368,0.4429866373538971,0.002062134446143491,0.0029246828190103,0.8000398874282837,0.002620181762478101,1.0.3,,
59,Few-Shot Learning training,,40000.0,15.0,1.0,5.0,1000.0,1000.0,96.9807631969452,0.2084,27000.0,D:\petrtsv\projects\ds\few_shot_learning_study\experiments\c145a9ec-405d-4b4d-8438-897b667730df,84.0,convnet64,0.0,1.0,miniImageNet,64.0,1000.0,0.0,cosine_scale,1.0,75.0,miniImageNet-test,5.0,,,0.0015827509773213753,0.4430932402610779,0.0019987839191889785,,,,1.0.3,,
60,Few-Shot Learning testing,,40000.0,15.0,1.0,5.0,1000.0,1000.0,96.9807631969452,0.2084,27000.0,D:\petrtsv\projects\ds\few_shot_learning_study\experiments\c145a9ec-405d-4b4d-8438-897b667730df,84.0,convnet64,0.0,1.0,miniImageNet,64.0,1000.0,0.0,cosine_scale,1.0,75.0,google-landmarks-test,100.0,0.09857333333333336,195.70114183425903,0.0015827509773213753,0.4430932402610779,0.0019987839191889785,0.0011207629636688773,0.174159973859787,0.0014445541600199687,1.0.3,,
61,Few-Shot Learning testing,,40000.0,15.0,1.0,5.0,1000.0,1000.0,96.9807631969452,0.2084,27000.0,D:\petrtsv\projects\ds\few_shot_learning_study\experiments\c145a9ec-405d-4b4d-8438-897b667730df,84.0,convnet64,0.0,1.0,miniImageNet,64.0,1000.0,0.0,cosine_scale,1.0,75.0,miniImageNet-test,5.0,0.39501333333333344,95.5805025100708,0.0015827509773213753,0.4430932402610779,0.0019987839191889785,0.0028748290805267426,0.8013332486152649,0.002596816276971108,1.0.3,,
62,Few-Shot Learning training,,40000.0,15.0,1.0,5.0,1000.0,1000.0,100.49411296844481,0.2638933333333334,35000.0,D:\petrtsv\projects\ds\few_shot_learning_study\experiments\81a2fb6d-3f2d-4dab-aacc-e5e2686fee93,84.0,convnet64,0.0,0.0,miniImageNet,64.0,1000.0,1.0,euclidean,0.2,75.0,miniImageNet-test,5.0,,,0.0017730033988019504,0.5073066353797913,0.002103143675765968,,,,1.0.3,,
63,Few-Shot Learning testing,,40000.0,15.0,1.0,5.0,1000.0,1000.0,100.49411296844481,0.2638933333333334,35000.0,D:\petrtsv\projects\ds\few_shot_learning_study\experiments\81a2fb6d-3f2d-4dab-aacc-e5e2686fee93,84.0,convnet64,0.0,0.0,miniImageNet,64.0,1000.0,1.0,euclidean,0.2,75.0,google-landmarks-test,100.0,0.14172000000000004,182.0078706741333,0.0017730033988019504,0.5073066353797913,0.002103143675765968,0.0013148778791851744,0.23219992220401764,0.0016256631197023052,1.0.3,,
64,Few-Shot Learning testing,,40000.0,15.0,1.0,5.0,1000.0,1000.0,100.49411296844481,0.2638933333333334,35000.0,D:\petrtsv\projects\ds\few_shot_learning_study\experiments\81a2fb6d-3f2d-4dab-aacc-e5e2686fee93,84.0,convnet64,0.0,0.0,miniImageNet,64.0,1000.0,1.0,euclidean,0.2,75.0,miniImageNet-test,5.0,0.4702399999999999,95.53067994117737,0.0017730033988019504,0.5073066353797913,0.002103143675765968,0.0032453294828632155,0.8515333533287048,0.002508516036009849,1.0.3,,
65,Few-Shot Learning training,,40000.0,15.0,1.0,5.0,1000.0,1000.0,103.46894598007202,0.269,39999.0,D:\petrtsv\projects\ds\few_shot_learning_study\experiments\3c302c95-4837-4b5b-9975-5b690672b809,84.0,convnet64,0.0,0.0,miniImageNet,64.0,1000.0,1.0,cosine_scale,0.2,75.0,miniImageNet-test,5.0,,,0.0018026476159572079,0.5126933455467224,0.0020746044731819254,,,,1.0.3,,
66,Few-Shot Learning testing,,40000.0,15.0,1.0,5.0,1000.0,1000.0,103.46894598007202,0.269,39999.0,D:\petrtsv\projects\ds\few_shot_learning_study\experiments\3c302c95-4837-4b5b-9975-5b690672b809,84.0,convnet64,0.0,0.0,miniImageNet,64.0,1000.0,1.0,cosine_scale,0.2,75.0,google-landmarks-test,100.0,0.13964000000000004,176.2644739151001,0.0018026476159572079,0.5126933455467224,0.0020746044731819254,0.0013035902444031569,0.22921329736709595,0.0016043827654003708,1.0.3,,
67,Few-Shot Learning testing,,40000.0,15.0,1.0,5.0,1000.0,1000.0,103.46894598007202,0.269,39999.0,D:\petrtsv\projects\ds\few_shot_learning_study\experiments\3c302c95-4837-4b5b-9975-5b690672b809,84.0,convnet64,0.0,0.0,miniImageNet,64.0,1000.0,1.0,cosine_scale,0.2,75.0,miniImageNet-test,5.0,0.4761466666666667,94.4002721309662,0.0018026476159572079,0.5126933455467224,0.0020746044731819254,0.003341544214874645,0.855759859085083,0.0025112139837419533,1.0.3,,
68,Few-Shot Learning training,,40000.0,15.0,1.0,5.0,1000.0,1000.0,117.52684807777405,0.29483999999999994,37000.0,D:\petrtsv\projects\ds\few_shot_learning_study\experiments\8603b508-3386-44c8-a004-5124145513e9,84.0,convnet64,0.0,0.0,miniImageNet,64.0,1000.0,1.0,cosine_scale,0.2,75.0,,,,,0.005450695339099387,0.5485334396362305,0.006330553759817221,,,,1.0.5,,
69,Few-Shot Learning testing,,40000.0,15.0,1.0,5.0,1000.0,1000.0,117.52684807777405,0.29483999999999994,37000.0,D:\petrtsv\projects\ds\few_shot_learning_study\experiments\8603b508-3386-44c8-a004-5124145513e9,84.0,convnet64,0.0,0.0,miniImageNet,64.0,1000.0,1.0,cosine_scale,0.2,75.0,google-landmarks-test,100.0,0.14434666666666665,207.32732486724854,0.005450695339099387,0.5485334396362305,0.006330553759817221,0.003889098029554345,0.23587995767593384,0.00491179762057279,1.0.5,,
70,Few-Shot Learning testing,,40000.0,15.0,1.0,5.0,1000.0,1000.0,117.52684807777405,0.29483999999999994,37000.0,D:\petrtsv\projects\ds\few_shot_learning_study\experiments\8603b508-3386-44c8-a004-5124145513e9,84.0,convnet64,0.0,0.0,miniImageNet,64.0,1000.0,1.0,cosine_scale,0.2,75.0,miniImageNet-test,5.0,0.5100933333333333,144.30155706405642,0.005450695339099387,0.5485334396362305,0.006330553759817221,0.010235814256496334,0.8754265904426575,0.007205309416611784,1.0.5,,
71,Few-Shot Learning training,,40000.0,15.0,1.0,5.0,1000.0,1000.0,96.11508202552795,0.2957599999999999,26000.0,D:\petrtsv\projects\ds\few_shot_learning_study\experiments\6cb2fbd3-bc84-4107-8036-11ecfd18c00a,84.0,convnet64,0.0,0.0,miniImageNet,64.0,1000.0,1.0,cosine_scale,0.2,5.0,,,,,0.00550807956919111,0.5448668003082275,0.0061935125756035145,,,,1.0.5,False,
72,Few-Shot Learning training,,1.0,15.0,1.0,5.0,1000.0,1000.0,95.2217288017273,0.11357333333333335,0.0,D:\petrtsv\projects\ds\few_shot_learning_study\experiments\ff020725-e500-47d5-8681-338fce92f752,84.0,convnet64,0.0,0.0,miniImageNet,64.0,1000.0,1.0,cosine_scale,0.2,5.0,,,,,0.003598615238064725,0.27665334939956665,0.004925551711460668,,,,-1.0.5,False,
73,Few-Shot Learning training,,1.0,15.0,1.0,5.0,1000.0,1000.0,93.78630685806273,0.11357333333333335,0.0,D:\petrtsv\projects\ds\few_shot_learning_study\experiments\17f06cbf-3935-4329-bb2d-cedb12a95f42,84.0,convnet64,0.0,0.0,miniImageNet,64.0,1000.0,1.0,cosine_scale,0.2,5.0,,,,,0.003598615238064725,0.27665334939956665,0.004925551711460668,,,,-1.0.5,False,
74,Few-Shot Learning testing,,1.0,15.0,1.0,5.0,1000.0,1000.0,93.78630685806273,0.11357333333333335,0.0,D:\petrtsv\projects\ds\few_shot_learning_study\experiments\17f06cbf-3935-4329-bb2d-cedb12a95f42,84.0,convnet64,0.0,0.0,miniImageNet,64.0,1000.0,1.0,cosine_scale,0.2,3.0,google-landmarks-test,100.0,0.06693000000000003,409.50569891929626,0.003598615238064725,0.27665334939956665,0.004925551711460668,0.0014084955661129227,0.1233133301138878,0.0018496532738327687,-1.0.5,True,True
75,Few-Shot Learning testing,,1.0,15.0,1.0,5.0,1000.0,1000.0,93.78630685806273,0.11357333333333335,0.0,D:\petrtsv\projects\ds\few_shot_learning_study\experiments\17f06cbf-3935-4329-bb2d-cedb12a95f42,84.0,convnet64,0.0,0.0,miniImageNet,64.0,1000.0,1.0,cosine_scale,0.2,5.0,miniImageNet-test,5.0,0.2737999999999998,55.92879271507263,0.003598615238064725,0.27665334939956665,0.004925551711460668,0.008881989063815024,0.6591598987579346,0.008390092276512422,-1.0.5,True,True
76,Few-Shot Learning training,,1.0,15.0,1.0,5.0,1000.0,1000.0,98.48914575576781,0.11356000000000005,0.0,D:\petrtsv\projects\ds\few_shot_learning_study\experiments\c04959f2-de27-49ae-aab1-96258cc32779,84.0,convnet64,0.0,0.0,miniImageNet,64.0,1000.0,1.0,euclidean,0.2,5.0,,,,,0.003508482157151018,0.2772666811943054,0.004855959220549589,,,,-1.0.5,False,
77,Few-Shot Learning training,,1.0,15.0,1.0,5.0,1000.0,1000.0,98.5085666179657,0.11244000000000004,0.0,D:\petrtsv\projects\ds\few_shot_learning_study\experiments\6ba09953-de63-4b40-805d-3d5d60887fea,84.0,convnet64,0.0,0.0,miniImageNet,64.0,1000.0,0.0,cosine_scale,0.2,5.0,,,,,0.0034882926749035554,0.2778666615486145,0.004941847895358374,,,,-1.0.5,False,
78,Few-Shot Learning testing,,1.0,15.0,1.0,5.0,1000.0,1000.0,98.5085666179657,0.11244000000000004,0.0,D:\petrtsv\projects\ds\few_shot_learning_study\experiments\6ba09953-de63-4b40-805d-3d5d60887fea,84.0,convnet64,0.0,0.0,miniImageNet,64.0,1000.0,0.0,cosine_scale,0.2,3.0,google-landmarks-test,100.0,0.06426000000000003,436.6553058624268,0.0034882926749035554,0.2778666615486145,0.004941847895358374,0.0013717701532521233,0.1183866485953331,0.0018773114790316683,-1.0.5,True,True
79,Few-Shot Learning testing,,1.0,15.0,1.0,5.0,1000.0,1000.0,98.5085666179657,0.11244000000000004,0.0,D:\petrtsv\projects\ds\few_shot_learning_study\experiments\6ba09953-de63-4b40-805d-3d5d60887fea,84.0,convnet64,0.0,0.0,miniImageNet,64.0,1000.0,0.0,cosine_scale,0.2,5.0,miniImageNet-test,5.0,0.26744,58.467692613601685,0.0034882926749035554,0.2778666615486145,0.004941847895358374,0.008705308725140073,0.6551600098609924,0.008595292512286745,-1.0.5,True,True
80,Few-Shot Learning training,,1.0,15.0,1.0,5.0,1000.0,1000.0,108.5737955570221,0.11265333333333336,0.0,D:\petrtsv\projects\ds\few_shot_learning_study\experiments\f237003f-ba63-4091-b296-4779fc1b7f56,84.0,convnet64,0.0,0.0,miniImageNet,64.0,1000.0,0.0,euclidean,0.2,5.0,,,,,0.0034684677695877,0.2763466835021973,0.004885872371452535,,,,-1.0.5,False,
81,Few-Shot Learning testing,,1.0,15.0,1.0,5.0,1000.0,1000.0,108.5737955570221,0.11265333333333336,0.0,D:\petrtsv\projects\ds\few_shot_learning_study\experiments\f237003f-ba63-4091-b296-4779fc1b7f56,84.0,convnet64,0.0,0.0,miniImageNet,64.0,1000.0,0.0,euclidean,0.2,3.0,google-landmarks-test,100.0,0.06777333333333331,415.9208900928497,0.0034684677695877,0.2763466835021973,0.004885872371452535,0.0014449447966844485,0.12391333281993865,0.001941118260966813,-1.0.5,True,True
82,Few-Shot Learning testing,,1.0,15.0,1.0,5.0,1000.0,1000.0,108.5737955570221,0.11265333333333336,0.0,D:\petrtsv\projects\ds\few_shot_learning_study\experiments\f237003f-ba63-4091-b296-4779fc1b7f56,84.0,convnet64,0.0,0.0,miniImageNet,64.0,1000.0,0.0,euclidean,0.2,5.0,miniImageNet-test,5.0,0.269,56.13662195205689,0.0034684677695877,0.2763466835021973,0.004885872371452535,0.008726783872467378,0.6535200476646423,0.008887490076529222,-1.0.5,True,True
83,Few-Shot Learning training,,1.0,15.0,1.0,5.0,1000.0,1000.0,104.37011790275574,0.1063066666666667,0.0,D:\petrtsv\projects\ds\few_shot_learning_study\experiments\7d263811-12c9-4dbd-ae82-431cf7e0b4ee,84.0,convnet64,0.0,0.0,miniImageNet,64.0,1000.0,0.0,euclidean,1.0,5.0,,,,,0.003437127790386536,0.2648133635520935,0.0047678737363220465,,,,-1.0.5,False,
84,Few-Shot Learning testing,,1.0,15.0,1.0,5.0,1000.0,1000.0,104.37011790275574,0.1063066666666667,0.0,D:\petrtsv\projects\ds\few_shot_learning_study\experiments\7d263811-12c9-4dbd-ae82-431cf7e0b4ee,84.0,convnet64,0.0,0.0,miniImageNet,64.0,1000.0,0.0,euclidean,1.0,3.0,google-landmarks-test,100.0,0.059170000000000014,415.6919541358948,0.003437127790386536,0.2648133635520935,0.0047678737363220465,0.0013362954709141188,0.11153330653905867,0.0018375027902064085,-1.0.5,True,True
85,Few-Shot Learning testing,,1.0,15.0,1.0,5.0,1000.0,1000.0,104.37011790275574,0.1063066666666667,0.0,D:\petrtsv\projects\ds\few_shot_learning_study\experiments\7d263811-12c9-4dbd-ae82-431cf7e0b4ee,84.0,convnet64,0.0,0.0,miniImageNet,64.0,1000.0,0.0,euclidean,1.0,5.0,miniImageNet-test,5.0,0.25759999999999994,56.850220680236816,0.003437127790386536,0.2648133635520935,0.0047678737363220465,0.008419967687340369,0.6478399038314819,0.008740160360172862,-1.0.5,True,True
86,Few-Shot Learning training,,1.0,15.0,1.0,5.0,1000.0,1000.0,99.32849884033205,0.11882666666666668,0.0,D:\petrtsv\projects\ds\few_shot_learning_study\experiments\6c3d71f2-bfa3-4a9d-ac65-9574be45ec3e,84.0,convnet64,0.0,0.0,miniImageNet,64.0,1000.0,0.0,cosine_scale,1.0,5.0,,,,,0.003657018373399753,0.2853866815567017,0.004996700982534168,,,,-1.0.5,False,
87,Few-Shot Learning training,,1.0,15.0,1.0,5.0,1000.0,1000.0,97.11476612091064,0.1131866666666667,0.0,D:\petrtsv\projects\ds\few_shot_learning_study\experiments\ef822904-f2d5-40bd-a09f-773f5f45ecc6,84.0,convnet64,0.0,0.0,miniImageNet,64.0,1000.0,1.0,cosine_scale,0.2,5.0,,,,,0.0035651250351869173,0.2777866721153259,0.004845636054024204,,,,-1.0.6,False,
88,Few-Shot Learning training,,40000.0,15.0,1.0,5.0,1000.0,1000.0,106.10322046279907,0.29031999999999997,22000.0,D:\petrtsv\projects\ds\few_shot_learning_study\experiments\7dc64038-49a7-4589-be31-52fc2aadae52,84.0,convnet64,0.0,0.0,miniImageNet,64.0,1000.0,0.0,cosine_scale,1.0,5.0,,,,,0.005557586271499992,0.5415999293327332,0.006278373881528725,,,,1.0.6,False,
89,Few-Shot Learning testing,,40000.0,15.0,1.0,5.0,1000.0,1000.0,106.10322046279907,0.29031999999999997,22000.0,D:\petrtsv\projects\ds\few_shot_learning_study\experiments\7dc64038-49a7-4589-be31-52fc2aadae52,84.0,convnet64,0.0,0.0,miniImageNet,64.0,1000.0,0.0,cosine_scale,1.0,3.0,google-landmarks-test,100.0,0.09775,473.457587480545,0.005557586271499992,0.5415999293327332,0.006278373881528725,0.0017514579941023721,0.17585667967796326,0.002223272030924175,1.0.6,True,True
90,Few-Shot Learning testing,,40000.0,15.0,1.0,5.0,1000.0,1000.0,106.10322046279907,0.29031999999999997,22000.0,D:\petrtsv\projects\ds\few_shot_learning_study\experiments\7dc64038-49a7-4589-be31-52fc2aadae52,84.0,convnet64,0.0,0.0,miniImageNet,64.0,1000.0,0.0,cosine_scale,1.0,5.0,miniImageNet-test,5.0,0.5198799999999999,59.945106506347656,0.005557586271499992,0.5415999293327332,0.006278373881528725,0.012214887386868285,0.8750399351119995,0.008113273791849495,1.0.6,True,True
91,Few-Shot Learning training,,40000.0,15.0,1.0,5.0,1000.0,1000.0,98.86125540733336,0.2861600000000001,22000.0,D:\petrtsv\projects\ds\few_shot_learning_study\experiments\ef827fd9-4809-44e8-bff7-5a65f6e597df,84.0,convnet64,0.0,0.0,miniImageNet,64.0,1000.0,0.0,euclidean,1.0,5.0,,,,,0.00557307354596624,0.5366400480270386,0.006148056008509095,,,,1.0.6,False,
92,Few-Shot Learning testing,,40000.0,15.0,1.0,5.0,1000.0,1000.0,98.86125540733336,0.2861600000000001,22000.0,D:\petrtsv\projects\ds\few_shot_learning_study\experiments\ef827fd9-4809-44e8-bff7-5a65f6e597df,84.0,convnet64,0.0,0.0,miniImageNet,64.0,1000.0,0.0,euclidean,1.0,3.0,google-landmarks-test,100.0,0.11796666666666668,382.4958345890045,0.00557307354596624,0.5366400480270386,0.006148056008509095,0.0018299559390156735,0.2007233202457428,0.0023321727791713012,1.0.6,True,True
93,Few-Shot Learning testing,,40000.0,15.0,1.0,5.0,1000.0,1000.0,98.86125540733336,0.2861600000000001,22000.0,D:\petrtsv\projects\ds\few_shot_learning_study\experiments\ef827fd9-4809-44e8-bff7-5a65f6e597df,84.0,convnet64,0.0,0.0,miniImageNet,64.0,1000.0,0.0,euclidean,1.0,5.0,miniImageNet-test,5.0,0.5008400000000001,55.55404543876648,0.00557307354596624,0.5366400480270386,0.006148056008509095,0.01248829881157588,0.8705998659133911,0.008451898392726916,1.0.6,True,True
94,Few-Shot Learning training,,40000.0,15.0,1.0,5.0,1000.0,1000.0,99.02897000312805,0.30401333333333336,26000.0,D:\petrtsv\projects\ds\few_shot_learning_study\experiments\5c8ea6d7-01c8-423e-956d-3eb46e3613b1,84.0,convnet64,0.0,1.0,miniImageNet,64.0,1000.0,0.0,cosine_scale,1.0,5.0,,,,,0.005630092036222528,0.5567331910133362,0.006338969914820147,,,,1.0.6,False,
95,Few-Shot Learning testing,,40000.0,15.0,1.0,5.0,1000.0,1000.0,99.02897000312805,0.30401333333333336,26000.0,D:\petrtsv\projects\ds\few_shot_learning_study\experiments\5c8ea6d7-01c8-423e-956d-3eb46e3613b1,84.0,convnet64,0.0,1.0,miniImageNet,64.0,1000.0,0.0,cosine_scale,1.0,3.0,google-landmarks-test,100.0,0.11464333333333335,442.7585809230805,0.005630092036222528,0.5567331910133362,0.006338969914820147,0.0018661022044457907,0.19744999706745148,0.002351533045704238,1.0.6,True,True
96,Few-Shot Learning testing,,40000.0,15.0,1.0,5.0,1000.0,1000.0,99.02897000312805,0.30401333333333336,26000.0,D:\petrtsv\projects\ds\few_shot_learning_study\experiments\5c8ea6d7-01c8-423e-956d-3eb46e3613b1,84.0,convnet64,0.0,1.0,miniImageNet,64.0,1000.0,0.0,cosine_scale,1.0,5.0,miniImageNet-test,5.0,0.5260799999999999,57.281188011169434,0.005630092036222528,0.5567331910133362,0.006338969914820147,0.011888306617606823,0.8776799440383911,0.007975309495312468,1.0.6,True,True
97,Few-Shot Learning training,,40000.0,15.0,1.0,5.0,1000.0,1000.0,96.52962803840636,0.28172,32000.0,D:\petrtsv\projects\ds\few_shot_learning_study\experiments\dd2f3f29-564b-4d8c-8318-f2c850b82d60,84.0,convnet64,0.0,1.0,miniImageNet,64.0,1000.0,0.0,euclidean,1.0,5.0,,,,,0.00555318036914093,0.5327467322349548,0.006346178107372414,,,,1.0.6,False,
98,Few-Shot Learning testing,,40000.0,15.0,1.0,5.0,1000.0,1000.0,96.52962803840636,0.28172,32000.0,D:\petrtsv\projects\ds\few_shot_learning_study\experiments\dd2f3f29-564b-4d8c-8318-f2c850b82d60,84.0,convnet64,0.0,1.0,miniImageNet,64.0,1000.0,0.0,euclidean,1.0,3.0,google-landmarks-test,100.0,0.12312,360.8207194805145,0.00555318036914093,0.5327467322349548,0.006346178107372414,0.0019082536078393333,0.20767000317573547,0.002460791623670876,1.0.6,True,True
99,Few-Shot Learning testing,,40000.0,15.0,1.0,5.0,1000.0,1000.0,96.52962803840636,0.28172,32000.0,D:\petrtsv\projects\ds\few_shot_learning_study\experiments\dd2f3f29-564b-4d8c-8318-f2c850b82d60,84.0,convnet64,0.0,1.0,miniImageNet,64.0,1000.0,0.0,euclidean,1.0,5.0,miniImageNet-test,5.0,0.50884,56.03291773796082,0.00555318036914093,0.5327467322349548,0.006346178107372414,0.012070160660835402,0.8704800009727478,0.008437885604204784,1.0.6,True,True
100,Few-Shot Learning training,,40000.0,15.0,1.0,5.0,1000.0,1000.0,100.6359531879425,0.3261733333333334,34000.0,D:\petrtsv\projects\ds\few_shot_learning_study\experiments\86ab3c5e-56ea-45ee-b023-b31d2598a1b4,84.0,convnet64,0.0,0.0,miniImageNet,64.0,1000.0,1.0,cosine_scale,0.2,5.0,,,,,0.005632542510725963,0.5785066485404968,0.006010129173651345,,,,1.0.6,False,
101,Few-Shot Learning testing,,40000.0,15.0,1.0,5.0,1000.0,1000.0,100.6359531879425,0.3261733333333334,34000.0,D:\petrtsv\projects\ds\few_shot_learning_study\experiments\86ab3c5e-56ea-45ee-b023-b31d2598a1b4,84.0,convnet64,0.0,0.0,miniImageNet,64.0,1000.0,1.0,cosine_scale,0.2,3.0,google-landmarks-test,100.0,0.1538766666666667,440.9503650665283,0.005632542510725963,0.5785066485404968,0.006010129173651345,0.0021130328932621955,0.2466699928045273,0.002618273278405357,1.0.6,True,True
102,Few-Shot Learning testing,,40000.0,15.0,1.0,5.0,1000.0,1000.0,100.6359531879425,0.3261733333333334,34000.0,D:\petrtsv\projects\ds\few_shot_learning_study\experiments\86ab3c5e-56ea-45ee-b023-b31d2598a1b4,84.0,convnet64,0.0,0.0,miniImageNet,64.0,1000.0,1.0,cosine_scale,0.2,5.0,miniImageNet-test,5.0,0.5417200000000002,55.6329517364502,0.005632542510725963,0.5785066485404968,0.006010129173651345,0.01216828013490162,0.8883197903633118,0.00804916060165083,1.0.6,True,True
103,Few-Shot Learning training,,40000.0,15.0,1.0,5.0,1000.0,1000.0,97.33451724052428,0.2977066666666667,39999.0,D:\petrtsv\projects\ds\few_shot_learning_study\experiments\5bc1dfe7-3af5-4c70-ab58-84bc7b68f4d9,84.0,convnet64,0.0,0.0,miniImageNet,64.0,1000.0,1.0,euclidean,0.2,5.0,,,,,0.0054046902109442215,0.5475467443466187,0.0061806823038631,,,,1.0.6,False,
104,Few-Shot Learning testing,,40000.0,15.0,1.0,5.0,1000.0,1000.0,97.33451724052428,0.2977066666666667,39999.0,D:\petrtsv\projects\ds\few_shot_learning_study\experiments\5bc1dfe7-3af5-4c70-ab58-84bc7b68f4d9,84.0,convnet64,0.0,0.0,miniImageNet,64.0,1000.0,1.0,euclidean,0.2,3.0,google-landmarks-test,100.0,0.15324333333333331,372.09491634368896,0.0054046902109442215,0.5475467443466187,0.0061806823038631,0.0021769166419654353,0.2460633069276809,0.0026578351089006627,1.0.6,True,True
105,Few-Shot Learning testing,,40000.0,15.0,1.0,5.0,1000.0,1000.0,97.33451724052428,0.2977066666666667,39999.0,D:\petrtsv\projects\ds\few_shot_learning_study\experiments\5bc1dfe7-3af5-4c70-ab58-84bc7b68f4d9,84.0,convnet64,0.0,0.0,miniImageNet,64.0,1000.0,1.0,euclidean,0.2,5.0,miniImageNet-test,5.0,0.52612,57.880375385284424,0.0054046902109442215,0.5475467443466187,0.0061806823038631,0.012110953124572223,0.8812399506568909,0.008050326861477386,1.0.6,True,True
106,Few-Shot Learning training,,40000.0,15.0,1.0,5.0,1000.0,1000.0,98.0768620967865,0.2924533333333333,39999.0,D:\petrtsv\projects\ds\few_shot_learning_study\experiments\c3c41e4c-f5f7-4c3e-81a3-1ea2fcc79ba2,84.0,convnet64,0.0,1.0,miniImageNet,64.0,1000.0,1.0,euclidean,0.2,5.0,,,,,0.0055743792572899185,0.5355066657066345,0.006262388346839365,,,,1.0.6,False,
107,Few-Shot Learning testing,,40000.0,15.0,1.0,5.0,1000.0,1000.0,98.0768620967865,0.2924533333333333,39999.0,D:\petrtsv\projects\ds\few_shot_learning_study\experiments\c3c41e4c-f5f7-4c3e-81a3-1ea2fcc79ba2,84.0,convnet64,0.0,1.0,miniImageNet,64.0,1000.0,1.0,euclidean,0.2,3.0,google-landmarks-test,100.0,0.15020000000000006,377.0153441429138,0.0055743792572899185,0.5355066657066345,0.006262388346839365,0.002174066826610112,0.24292998015880585,0.0026241040474200466,1.0.6,True,True
108,Few-Shot Learning testing,,40000.0,15.0,1.0,5.0,1000.0,1000.0,98.0768620967865,0.2924533333333333,39999.0,D:\petrtsv\projects\ds\few_shot_learning_study\experiments\c3c41e4c-f5f7-4c3e-81a3-1ea2fcc79ba2,84.0,convnet64,0.0,1.0,miniImageNet,64.0,1000.0,1.0,euclidean,0.2,5.0,miniImageNet-test,5.0,0.5089600000000001,58.38957118988037,0.0055743792572899185,0.5355066657066345,0.006262388346839365,0.011911883081971495,0.8688398599624634,0.008482018289690026,1.0.6,True,True
109,Few-Shot Learning training,,40000.0,15.0,1.0,5.0,1000.0,1000.0,102.33798146247864,0.31664000000000003,35000.0,D:\petrtsv\projects\ds\few_shot_learning_study\experiments\b6cb2d9d-310b-46ba-8ace-af72bf1c2575,84.0,convnet64,0.0,1.0,miniImageNet,64.0,1000.0,1.0,cosine_scale,0.2,5.0,,,,,0.005672192465649185,0.5653333067893982,0.00632772010185075,,,,1.0.6,False,
110,Few-Shot Learning testing,,40000.0,15.0,1.0,5.0,1000.0,1000.0,102.33798146247864,0.31664000000000003,35000.0,D:\petrtsv\projects\ds\few_shot_learning_study\experiments\b6cb2d9d-310b-46ba-8ace-af72bf1c2575,84.0,convnet64,0.0,1.0,miniImageNet,64.0,1000.0,1.0,cosine_scale,0.2,3.0,google-landmarks-test,100.0,0.15427333333333332,462.67667317390436,0.005672192465649185,0.5653333067893982,0.00632772010185075,0.002132509131327506,0.2475133240222931,0.00263246613037647,1.0.6,True,True
111,Few-Shot Learning testing,,40000.0,15.0,1.0,5.0,1000.0,1000.0,102.33798146247864,0.31664000000000003,35000.0,D:\petrtsv\projects\ds\few_shot_learning_study\experiments\b6cb2d9d-310b-46ba-8ace-af72bf1c2575,84.0,convnet64,0.0,1.0,miniImageNet,64.0,1000.0,1.0,cosine_scale,0.2,5.0,miniImageNet-test,5.0,0.52496,57.56827712059021,0.005672192465649185,0.5653333067893982,0.00632772010185075,0.012409019678015241,0.8767998814582825,0.008227047739111292,1.0.6,True,True
112,Few-Shot Learning training,,1.0,15.0,1.0,5.0,1000.0,1000.0,94.65417361259459,0.1110266666666667,0.0,D:\petrtsv\projects\ds\few_shot_learning_study\experiments\fa4f221f-2837-42df-ad05-232ccce1a019,84.0,convnet64,0.0,0.0,miniImageNet,64.0,1000.0,0.0,sen,1.0,5.0,,,,,0.0035390165637134634,0.2763066291809082,0.004929496143558916,,,,-1.0.6,False,
113,Few-Shot Learning training,,1.0,15.0,1.0,5.0,1000.0,1000.0,94.76151776313782,0.1110266666666667,0.0,D:\petrtsv\projects\ds\few_shot_learning_study\experiments\8b1a2a64-3da1-44ef-a2b8-20b56202087f,84.0,convnet64,0.0,0.0,miniImageNet,64.0,10.0,0.0,sen,1.0,5.0,,,,,0.003539016563713463,0.2763066291809082,0.004929496143558916,,,,-1.0.6,False,
114,Few-Shot Learning testing,,1.0,15.0,1.0,5.0,1000.0,1000.0,94.76151776313782,0.1110266666666667,0.0,D:\petrtsv\projects\ds\few_shot_learning_study\experiments\8b1a2a64-3da1-44ef-a2b8-20b56202087f,84.0,convnet64,0.0,0.0,miniImageNet,64.0,10.0,0.0,sen,1.0,3.0,google-landmarks-test,100.0,0.05266666666666666,137.0612862110138,0.003539016563713463,0.2763066291809082,0.004929496143558916,0.014126413400278062,0.10766667127609253,0.01961008822308765,-1.0.6,True,True
115,Few-Shot Learning testing,,1.0,15.0,1.0,5.0,1000.0,1000.0,94.76151776313782,0.1110266666666667,0.0,D:\petrtsv\projects\ds\few_shot_learning_study\experiments\8b1a2a64-3da1-44ef-a2b8-20b56202087f,84.0,convnet64,0.0,0.0,miniImageNet,64.0,10.0,0.0,sen,1.0,5.0,miniImageNet-test,5.0,0.24799999999999994,20.0399911403656,0.003539016563713463,0.2763066291809082,0.004929496143558916,0.10552724766618335,0.6520000100135803,0.09474176022043188,-1.0.6,True,True
